{
  "epochs": [
    1,
    2,
    3,
    4,
    5,
    6,
    7,
    8,
    9,
    10,
    11,
    12,
    13,
    14,
    15,
    16,
    17,
    18,
    19,
    20,
    21,
    22,
    23,
    24,
    25,
    26,
    27,
    28,
    29,
    30,
    31,
    32,
    33,
    34,
    35,
    36,
    37,
    38,
    39,
    40,
    41,
    42,
    43,
    44,
    45,
    46,
    47,
    48,
    49,
    50,
    51,
    52,
    53
  ],
  "train_loss": [
    0.9250780386584145,
    0.3254263243741459,
    0.16415742729672245,
    0.11280950237183816,
    0.106853464997137,
    0.06182562457656281,
    0.05192511635906403,
    0.0380979577136699,
    0.03438490290113444,
    0.02624101466443833,
    0.023656337420222356,
    0.026681246935382544,
    0.016446689940963436,
    0.01536480389569757,
    0.013808482583304535,
    0.027887678078412945,
    0.020742412884525645,
    0.014042785194471925,
    0.014975949677216068,
    0.010653085453091153,
    0.014241083914327199,
    0.015517401514631591,
    0.010987117590423348,
    0.011022919757340873,
    0.012663082599280484,
    0.006688078631668759,
    0.008840921849407586,
    0.006266150560992491,
    0.010199319180635881,
    0.012893483822168376,
    0.005838767623803477,
    0.007898884353395145,
    0.00580698222643511,
    0.011824200350453057,
    0.007145271538912124,
    0.007322607581752689,
    0.009861875938267553,
    0.008185932470431518,
    0.004964889270085555,
    0.007852639346079769,
    0.005594254712334424,
    0.005686903824591845,
    0.0046911892187915605,
    0.007982586793202375,
    0.005391816435110827,
    0.004690497661945373,
    0.005919881786602283,
    0.005602640956249883,
    0.005252409442387972,
    0.004542007667854676,
    0.006639599047885563,
    0.006794618997792852,
    0.007246608159986199
  ],
  "val_accuracy": [
    0.8762475049900199,
    0.9560878243512974,
    0.9481037924151696,
    0.9600798403193613,
    0.9780439121756487,
    0.9720558882235529,
    0.9481037924151696,
    0.9640718562874252,
    0.9680638722554891,
    0.9760479041916168,
    0.9680638722554891,
    0.9820359281437125,
    0.93812375249501,
    0.9840319361277445,
    0.9760479041916168,
    0.9820359281437125,
    0.9720558882235529,
    0.9740518962075848,
    0.9720558882235529,
    0.9840319361277445,
    0.9760479041916168,
    0.9820359281437125,
    0.9780439121756487,
    0.9800399201596807,
    0.9580838323353293,
    0.9800399201596807,
    0.9660678642714571,
    0.9800399201596807,
    0.9720558882235529,
    0.9800399201596807,
    0.9680638722554891,
    0.9800399201596807,
    0.9920159680638723,
    0.9740518962075848,
    0.9740518962075848,
    0.9780439121756487,
    0.9720558882235529,
    0.9680638722554891,
    0.9680638722554891,
    0.9680638722554891,
    0.9720558882235529,
    0.9760479041916168,
    0.9800399201596807,
    0.9800399201596807,
    0.9800399201596807,
    0.9800399201596807,
    0.9800399201596807,
    0.9800399201596807,
    0.9800399201596807,
    0.9800399201596807,
    0.9800399201596807,
    0.9800399201596807,
    0.9800399201596807
  ],
  "best_epoch": 33,
  "best_val_accuracy": 0.9920159680638723
}