{
  "epochs": [
    1,
    2,
    3,
    4,
    5,
    6,
    7,
    8,
    9,
    10,
    11,
    12,
    13,
    14,
    15,
    16,
    17,
    18,
    19,
    20,
    21,
    22,
    23,
    24,
    25,
    26,
    27,
    28,
    29,
    30,
    31,
    32,
    33,
    34,
    35,
    36,
    37,
    38,
    39,
    40,
    41,
    42,
    43,
    44,
    45,
    46,
    47,
    48,
    49,
    50,
    51,
    52,
    53,
    54
  ],
  "train_loss": [
    0.09943143344378169,
    0.041004982222861884,
    0.02411717185279048,
    0.015950326569071863,
    0.015226179391994506,
    0.010980591593498859,
    0.013237591535206648,
    0.007846458296326898,
    0.008290783526476095,
    0.008255921174548094,
    0.006950148956738176,
    0.005298081978115171,
    0.006906066341856141,
    0.006216758580677966,
    0.006872732627730156,
    0.00576041812774183,
    0.0045751864142138275,
    0.005244792371994191,
    0.008520540175664745,
    0.006417671618968414,
    0.005474623681349633,
    0.003974542834448239,
    0.005016888784137083,
    0.002962654234901884,
    0.004809404766633576,
    0.005898367393249056,
    0.006096633846349896,
    0.0027909714835799076,
    0.002913286914710763,
    0.0050380659294078905,
    0.0029817012040485344,
    0.0033549969127848215,
    0.0032194904916546946,
    0.0022153718924021668,
    0.003441363165436513,
    0.0026613354338097233,
    0.002140504733181877,
    0.003836545680522111,
    0.0020484603291025232,
    0.003221945894426737,
    0.0047670333559478965,
    0.0028024693025214173,
    0.002004229205478531,
    0.0018332760619505048,
    0.003215256806527842,
    0.0027540247173408116,
    0.001961996014409734,
    0.0029072444450793217,
    0.0017982476417239036,
    0.0034537083200212935,
    0.002146274211140102,
    0.0022944391559945017,
    0.0017104791748098723,
    0.002751959158627823
  ],
  "val_balanced_accuracy": [
    0.6978609625668449,
    0.7433155080213903,
    0.8074866310160428,
    0.8048128342245989,
    0.8074866310160428,
    0.8074866310160428,
    0.8074866310160428,
    0.8048128342245989,
    0.8368983957219251,
    0.8368983957219251,
    0.8342245989304813,
    0.820855614973262,
    0.820855614973262,
    0.8368983957219251,
    0.8368983957219251,
    0.8368983957219251,
    0.8368983957219251,
    0.8342245989304813,
    0.8342245989304813,
    0.8342245989304813,
    0.8048128342245989,
    0.8342245989304813,
    0.820855614973262,
    0.8663101604278074,
    0.8368983957219251,
    0.8342245989304813,
    0.8368983957219251,
    0.8368983957219251,
    0.8368983957219251,
    0.8368983957219251,
    0.8048128342245989,
    0.8663101604278074,
    0.8074866310160428,
    0.8048128342245989,
    0.8074866310160428,
    0.7914438502673797,
    0.8048128342245989,
    0.8368983957219251,
    0.8048128342245989,
    0.8074866310160428,
    0.8368983957219251,
    0.8368983957219251,
    0.8368983957219251,
    0.8368983957219251,
    0.8074866310160428,
    0.8342245989304813,
    0.8048128342245989,
    0.8074866310160428,
    0.8368983957219251,
    0.8368983957219251,
    0.8074866310160428,
    0.8074866310160428,
    0.8074866310160428,
    0.8368983957219251
  ],
  "best_epoch": 24,
  "best_val_accuracy": 0.8571428571428571,
  "best_val_balanced_accuracy": 0.8663101604278074,
  "best_decision_threshold": 0.84
}