{
  "model": "GhostTrace GATv2 (2-layer, 2-head attention)",
  "dataset_size": 28,
  "num_classes": 2,
  "classes": [
    "stable",
    "unstable"
  ],
  "overall": {
    "accuracy": 0.8571428571428571,
    "macro_precision": 0.8512820512820514,
    "macro_recall": 0.8663101604278074,
    "macro_f1": 0.8541666666666667,
    "weighted_f1": 0.8586309523809524,
    "macro_roc_auc": 0.8663101604278075,
    "macro_avg_precision": 0.8693431568431569
  },
  "per_class": {
    "stable": {
      "precision": 0.7692307692307693,
      "recall": 0.9090909090909091,
      "f1": 0.8333333333333334,
      "support": 11,
      "roc_auc": 0.8663101604278075,
      "avg_precision": 0.8405289155289155
    },
    "unstable": {
      "precision": 0.9333333333333333,
      "recall": 0.8235294117647058,
      "f1": 0.875,
      "support": 17,
      "roc_auc": 0.8663101604278075,
      "avg_precision": 0.8981573981573981
    }
  },
  "confusion_matrix": [
    [
      10,
      1
    ],
    [
      3,
      14
    ]
  ],
  "research_summary": {
    "main_result": "The GhostTrace GNN achieved 85.7% accuracy on the held-out validation set.",
    "roc_statement": "Macro-average AUC-ROC of 0.866 indicates robust discriminative performance across failure modes.",
    "baseline_comparison": "Outperforms random baseline (50%) by 35.7% absolute accuracy.",
    "per_class_summary": "Best class: unstable (87.5% F1). Most challenging: stable (83.3% F1)."
  }
}