{
  "model": "GhostTrace GATv2 (2-layer, 2-head attention)",
  "dataset_size": 501,
  "num_classes": 4,
  "classes": [
    "thundering_herd",
    "cascading_failure",
    "retry_storm",
    "stable"
  ],
  "overall": {
    "accuracy": 0.9880239520958084,
    "macro_precision": 0.9867256637168141,
    "macro_recall": 0.9922680412371134,
    "macro_f1": 0.9892551166111375,
    "weighted_f1": 0.9880932091077246,
    "macro_roc_auc": 0.99993676892584,
    "macro_avg_precision": 0.9998371312190301
  },
  "per_class": {
    "thundering_herd": {
      "precision": 1.0,
      "recall": 1.0,
      "f1": 1.0,
      "support": 95,
      "roc_auc": 1.0,
      "avg_precision": 1.0000000000000002
    },
    "cascading_failure": {
      "precision": 1.0,
      "recall": 1.0,
      "f1": 1.0,
      "support": 105,
      "roc_auc": 1.0,
      "avg_precision": 0.9999999999999999
    },
    "retry_storm": {
      "precision": 0.9469026548672567,
      "recall": 1.0,
      "f1": 0.9727272727272728,
      "support": 107,
      "roc_auc": 0.9998813985483181,
      "avg_precision": 0.9995590821490175
    },
    "stable": {
      "precision": 1.0,
      "recall": 0.9690721649484536,
      "f1": 0.9842931937172775,
      "support": 194,
      "roc_auc": 0.9998656771550422,
      "avg_precision": 0.9997894427271029
    }
  },
  "confusion_matrix": [
    [
      95,
      0,
      0,
      0
    ],
    [
      0,
      105,
      0,
      0
    ],
    [
      0,
      0,
      107,
      0
    ],
    [
      0,
      0,
      6,
      188
    ]
  ],
  "research_summary": {
    "main_result": "The GhostTrace GNN achieved 98.8% accuracy on the held-out validation set.",
    "roc_statement": "Macro-average AUC-ROC of 1.000 indicates robust discriminative performance across failure modes.",
    "baseline_comparison": "Outperforms random baseline (25%) by 73.8% absolute accuracy.",
    "per_class_summary": "Best class: thundering_herd (100.0% F1). Most challenging: retry_storm (97.3% F1)."
  }
}